,Unnamed: 0,summary,generated_sequence_greedy,generated_sequence_beam,generated_sequence_topk,generated_sequence_topp,rougel_greedy,rougel_beam,rougel_topk,rougel_topp,bert_score_f1_greedy,bert_score_f1_beam,bert_score_f1_topk,bert_score_f1_topp
0,0,"There is a ""chronic"" need for more housing for prison leavers in Wales, according to a charity.",",,,,,,,,, who has been in prison for 20 years, has found","in Wales, a Welsh charity says. ""I think the key is connecting people with the services they need. It's a",has been criticized for lack of help in the rented flat market.,", the Welsh Government has warned that it is important to have a landlord, who can help other people find accommodation, to help make them",0.24,0.21052631578947367,0.29411764705882354,0.23529411764705882,0.8516301512718201,0.8850017786026001,0.8725097179412842,0.8722553253173828
1,1,"A man has appeared in court after firearms, ammunition and cash were seized by police in Edinburgh.","Police have recovered three firearms, ammunition and a five-figure sum of money.","Police have recovered three firearms, ammunition and a five-figure sum of money.",Police arrested an eight-year-old man who was charged with firearm abuse and assaulted by officers in Edinburgh have been searching for properties.,Detectives say a man has been arrested and charged with conspiracy to steal a firearm.,0.21428571428571427,0.21428571428571427,0.25,0.28571428571428575,0.9134463667869568,0.9134463667869568,0.8902724981307983,0.9003062844276428
2,2,"Four people accused of kidnapping and torturing a mentally disabled man in a ""racially motivated"" attack streamed on Facebook have been denied bail.",",,, have been charged with hate crimes and aggravated kidnapping.,,,,","Hill, 18, and Cooper, all 18, have been charged with hate crimes, aggravated kidnapping and battery, among other things",", 22,'s Witness said their victim. had been accused of beating Trump. and., and, both 18, and one of the defendant and slayings are made. The four are charged","has been charged with murder, kidnapping and battery, among others. A defense said that the attackers stuffed a ",0.2857142857142857,0.21052631578947367,0.18867924528301888,0.2631578947368421,0.8485320806503296,0.8566508889198303,0.8328352570533752,0.8574963212013245
3,3,"West Brom have appointed Nicky Hammond as technical director, ending his 20-year association with Reading.",keeper David West Brom has been appointed a youth academy director of football since 2003.,'s former Arsenal goalkeeper has played for the Royals for four years.,keeper Michael Warfinger has signed a new management role as well as a young player for arsenal.,keeper David Warres has been appointed Junior Soccer director for the Royals in Leeds.,0.2580645161290323,0.21621621621621623,0.21052631578947367,0.2222222222222222,0.8710935115814209,0.873785674571991,0.8573768734931946,0.881983757019043
4,4,"The pancreas can be triggered to regenerate itself through a type of fasting diet, say US researchers.",",,,,,,,,,,,,, and the ability",". ""I was glad to have something to eat,"" he said. ""It's very exciting,"" he said.","and to find out what to do. on of eating a fasting diet will be ""no time spent,"" but is not too often.","from food and drinks. ""The aim is to improve blood sugar levels by using a diet to rebuild cells that change the organ's",0.1739130434782609,0.17142857142857143,0.19999999999999998,0.2,0.8543761968612671,0.8660621643066406,0.8423270583152771,0.8739641904830933
5,5,"Since their impending merger was announced in January, there has been remarkably little comment about the huge proposed deal to combine Essilor and Luxottica.",",,,,,,,,, and,,, and a merger",",,,,,,,,,, a merger between the two optician","by German optician Specsavers as a merger, is due to be overturned. It can get to be clear that the merger is expected to impact a huge change in competition and sales from the UK.","and becoming the biggest optical business in Europe. has slipped to one spot and put over its company, Essilor, with ",0.19047619047619047,0.19047619047619044,0.18518518518518517,0.1818181818181818,0.847080647945404,0.8475525975227356,0.8639311194419861,0.862890362739563
6,6,"A ""medal at any cost"" approach created a ""culture of fear"" at British Cycling, says former rider Wendy Houvenaghel.",",,,,, has apologised for the sexist behaviour of the British Cycling team. has","has apologised to British Cycling's new chair Jonathan Browning. ""It's a really difficult question because you",is to get to work at British Cycling's Championships when she has left the Cycling Department.,", Scotland's Olympic Gold medallist Wendy Houvenaghel has said she has not yet achieved a better campaign.",0.27586206896551724,0.17142857142857143,0.25641025641025644,0.17142857142857143,0.8636321425437927,0.8560627102851868,0.8564786911010742,0.881890058517456
7,7,Have you heard the one about the computer programmer who bought a failing comedy club in Texas and turned it into a million dollar a year business?,",,,,,,, and a new generation of comedians,,,,","a comedy club in the United States.,,.,,s are becoming more and more popular.",(eh really). The concept for a comedy club in Austin is that it's “bad” to be a successful stand-up comedian.,"it in the US, or some other world, such as the Blackhawks, as well as Las Vegas.",0.25,0.24390243902439024,0.2857142857142857,0.19999999999999998,0.8514941334724426,0.8427398204803467,0.8712777495384216,0.8427261710166931
8,8,"The reaction from BT's investors told us much about media regulator Ofcom's ruling on the fate of Openreach, the BT subsidiary that provides much of the UK's broadband infrastructure.",",,, and a new board to run Openreach.,,,,, BT","of BT's giant pension scheme, Openreach, is a 'golden share' that BT's rival",". the first BT retirement scheme and that's a new way of tackling the ""golden share"" which BT bought after losing its own share portfolio.",The Andes have shown that the rulings are a very useful contribution to a new company - the sector's second,0.17142857142857143,0.2127659574468085,0.21052631578947367,0.2777777777777778,0.8457878828048706,0.8584902286529541,0.8603093028068542,0.8482864499092102
9,9,Manager Brendan Rodgers is sure Celtic can exploit the wide open spaces of Hampden when they meet Rangers in Sunday's League Cup semi-final.,has been a key player in the Scottish Cup and has been a key player in the club's history.,"is looking forward to the Scottish Cup semi-finals. ""It's very, very difficult to achieve,"" said Rodgers",'s first Premier League title for Celtic in Scotland was the Premier League match in the summer. The Premier League has now reached its second-ever semi-final at Old Firm in London in a row.,as the German has praised his position as one of the best players in the game.,0.28571428571428575,0.2105263157894737,0.20338983050847456,0.22222222222222224,0.871982216835022,0.882879376411438,0.8548173904418945,0.8579995632171631
10,10,Queen's University Belfast is cutting 236 jobs and 290 student places due to a funding reduction.,", and the University of Northern Ireland has announced a £8m cut in funding.",", but it's not the last thing we want to do. ""The loss of any place is damaging to our economy,"" Queen'","is making sense over the following three years, which is said to have increased student placements over Northern Ireland, but it could hit its reputation.",across the UK and: The government's public funding for the Higher Education Fund has cut the number of students and opportunities at the University,0.23809523809523808,0.18181818181818182,0.20408163265306126,0.21739130434782608,0.8986732959747314,0.8568625450134277,0.8677166700363159,0.8770384192466736
11,11,Hospital bosses in Sussex have apologised after about 850 patients were sent leaflets in error suggesting they might have cancer.,"was inserted with a 'two-week' information leaflet with an appointment letter. ""As soon as the error became","was inserted with an appointment letter. ""We apologise for any unnecessary anxiety this error may have caused,"" a","ing to that labelled the error was a ""business nightmare"" after a patient received initial consultation.",from a printer in November 2012 was turned on and went to hospital and gave the NHS an apology.,0.2105263157894737,0.15,0.1875,0.2857142857142857,0.8446696996688843,0.8457227349281311,0.859623908996582,0.8497961759567261
12,12,The shadow foreign secretary has suggested Labour will continue to support legislation paving the way for Brexit as it passes through Parliament.,Labour's Labour leader has said he will vote against the Brexit bill unless it is rejected.,"Labour's Jeremy Corbyn has said he will not ""frustrate"" Brexit even if it failed to amend the","it's already been signed in Parliament., Labour will try to take what the Labour Party has written to a minister to the House that would help by passing that bill.","'s ministers voted to back the Labour Bill, saying they will vote on the bill.",0.25641025641025644,0.25641025641025644,0.17391304347826086,0.2285714285714286,0.8965005874633789,0.8712926506996155,0.8688558340072632,0.8800228834152222
13,13,Torquay United boss Kevin Nicholson says none of the money from Eunan O'Kane's move to Leeds from Bournemouth will go to the playing squad.,"has been sold to the Cherries for £175,000 in 2012 and had a 15% sell-on clause included in the deal.","has been sold to the Cherries for £175,000 in 2012 and had a 15% sell-on clause included.",’s Will Nicholson is one of many players playing at the Championship as they seek to improve the club.,was handed over by the Welsh League after being re-entered by some local investors.,0.2857142857142857,0.2608695652173913,0.2222222222222222,0.13333333333333333,0.8615391850471497,0.8571651577949524,0.8707401156425476,0.8679982423782349
14,14,North Wales Police has been criticised at an inquest for sending an officer to speak to a hospital patient with paranoid schizophrenia.,"Lewis, 36, was found dead in the Menai Strait on 2 May.",Lewis' body was found in the Menai Strait on 2 May.,#NAME?,had contacted an officer after the killing of his mother in April 2016. The Inquest in Gwynedd has now concluded that the,0.21428571428571427,0.2222222222222222,0.0,0.21621621621621623,0.8695135712623596,0.8681430816650391,0.8334388732910156,0.8759390115737915
15,15,Leicester City striker Gary Taylor-Fletcher has joined Sheffield Wednesday on an initial month-long loan.,s Taylor-Fletcher has signed a new deal with the Foxes this summer.,Taylor-Fletcher has signed a new one-year deal with the Foxes.,(C) Lionel Taylor-Fletcher has scored seven goals in 23 games for his parent club Blackpool this season.,. Aaron Taylor-Fletcher has been linked with a new contract at Blackpool United.,0.3125,0.4516129032258065,0.17647058823529413,0.25,0.8554459810256958,0.8829243779182434,0.8659278154373169,0.903679370880127
16,16,"Limiting access to federal research would do an ""enormous disservice"" to the US and the world according to former Nasa chief scientist.",",,,,, and the Trump administration are a ""failure"" to the US climate change",. the Trump administration is trying to challenge the Trump administration's stance on climate change.....,has a profound role as his first scientist on climate reform. But they are doing little to get them done.,a few years ago. We should not try to sign up for a copy of data that was apparently turned off by the US government,0.25,0.2222222222222222,0.16666666666666663,0.23255813953488372,0.8615230321884155,0.8690251111984253,0.8622666001319885,0.8590283393859863
17,17,"John ""Brad"" Bradbury, drummer with The Specials, has died at the age of 62.",",,, that we have to say goodbye to our dear friend, the world's greatest drummer, our beloved Bradbury","that Bradbury has passed away. ""It is with deepest regret that we say goodbye to our great friend, the world's","’s beloved Bob Bradbury has fallen from its memory to his father. ""It is with deepest regret that we’ve decided to drop him from The Specials."" The band's drummer, who was a member of",have apologised to John Bradbury who died on Monday after suffering a serious heart attack.,0.19999999999999998,0.20833333333333334,0.24,0.20689655172413796,0.8578733801841736,0.8413644433021545,0.8644328713417053,0.8731271028518677
18,18,"Tiger Woods missed the cut at the Farmers Insurance Open, as England's Justin Rose maintained a one-shot lead.",",,, and,,, and Ireland's Shane Lowry is on level par..","at Torrey Pines in San Diego. ""I hit a lot of beautiful putts that didn't go in,","from his first Open, his first full PGA Tour major, was the cut for David Woods.",the winning one-under 76 to put him on seven under after missing the cut by four shots.,0.14814814814814817,0.1951219512195122,0.125,0.17647058823529413,0.8568956851959229,0.8443135023117065,0.8614368438720703,0.8548393845558167
19,19,"Former England striker Andy Cole says he faces a ""long road ahead"" as he recovers from his recent kidney transplant.",", but he has not been able to fly to Barcelona for a game against Barcelona.","is not supported on this device. ""If I push it, I could go backwards or end up back on medication,"" he","that means United have no doubt their next United game. ""I will have to use this headset to see if you're going to find the right match in 2018?"" Sir Alexander Cole said.","City legend Stephen Cole says: ""It is a tough road. It is not like getting a football injury,"" Cole says.",0.27027027027027023,0.125,0.15999999999999998,0.20000000000000004,0.8634048700332642,0.833407461643219,0.8426556587219238,0.8926079869270325
20,20,"Pakistan has unblocked the video sharing site, YouTube, more than three years after it was banned for posting a video deemed insulting to Islam.",has imposed a ban on YouTube on YouTube.,has imposed a ban on YouTube on Pakistan's YouTube.,in Pakistan has declared it will continue to appeal The Pakistan Telecommunication Company Ltd.,"has urged the Government to allow videos to be blocked by Google, a Pakistani-based telecoms official said.",0.1739130434782609,0.2,0.2777777777777778,0.2222222222222222,0.870993971824646,0.874359667301178,0.8472192883491516,0.8614490032196045
21,21,"Leicester Tigers winger Miles Benjamin is likely to be out for the rest of the season because of a knee injury, reports BBC Radio Leicester.","'s has signed a new contract, but the length of the contract has not been revealed.","man Benjamin Benjamin has signed a new contract, but the length of the contract has not been revealed.",'s Jeremy Benjamin is at a full recovery on his return to Plymouth this week despite his injuries.,"'s Nathan Benjamin, 26, has signed a new contract to help young Leicester international Roy Benjamin.",0.34285714285714286,0.3243243243243243,0.17777777777777776,0.22857142857142856,0.8697397708892822,0.8681421279907227,0.8648936152458191,0.877213716506958
22,22,Owain Doull has won Wales' first gold of the 2016 Olympics as  he helped the Great Britain men's team pursuit defend their cycling title in Rio.,has won a medal in the World Championships in London.,and Wales have won three Olympic gold medals in a row at the Rio Olympics.,"has a wonderful experience in cycling. ""They'll be on a big track, to learn from the great British women and to go on another Olympic race"" Mark Doull takes his medal - and has a record of",was rewarded for this triumph.-s at GB. has been feeling the thrill of a stunning record time,0.24,0.28571428571428575,0.18867924528301885,0.22857142857142856,0.8666031360626221,0.8838070034980774,0.8469074964523315,0.8407275676727295
23,23,"Floods in the western Indian state of Gujarat have killed 218 people, government officials have confirmed.",has been hit by flooding across at least 20 states in India.,Assam has seen dozens of people killed and hundreds of thousands displaced.,of Assam are expected to have a devastating flooding in Assam.,"is a tropical storm in India. of Assam have been in India since last week, is estimated to have killed",0.22222222222222224,0.1818181818181818,0.23076923076923075,0.22222222222222224,0.9001635909080505,0.8834720849990845,0.8645926713943481,0.8599376678466797
24,24,All images copyrighted.,"and, and and Bridget Reid, from Moy, Scotland, got married on Friday. and, and","and Bridget Reid, from Moy, Scotland, got married at the top of Easy Gully on Friday.",and the pair from Scottish Highlands got married Thursday after they tried to get married on six holiday seasons.,#NAME?,0.1111111111111111,0.19999999999999998,0.17142857142857143,0.0,0.8588240742683411,0.8634806871414185,0.8656912446022034,0.8334388732910156
25,25,"Royal Bank of Scotland (RBS) has been fined HK$6m (£460,000) by Hong Kong regulators after it failed to detect a series of unauthorised transactions by one of its traders.",has been fined £320m (£320m) for fraud in the UK.,has received a fine of £320m (£320m) to the European Commission for its role in the attempted rigging of,"over, the Hong Kong institution's regulation has failed to perform a serious audit of a bank's securities trading program.",Bank is fined £300m (£36m) for fraud.,0.3125,0.2608695652173913,0.25641025641025644,0.16666666666666666,0.8775568604469299,0.8625144958496094,0.8635638952255249,0.8820056915283203
26,26,"The Bafta awards had laughter, passion and plenty of politics.",",,,,,,, a'so a whirlwind'","...com..com..com..com... ""I'm so",", this is her life,"" he said in an email after a show featuring Emma Stone and Donald Trump, as a woman with an in-depth look at his performance at the Boston Globes.",""" Mr. Ben Dev Patel, by Don Moraine. and ""That's good,"".",0.2105263157894737,0.0,0.1754385964912281,0.13333333333333333,0.8155038952827454,0.8002625703811646,0.8460593819618225,0.8295310139656067
27,27,"Of his last 30 matches in 2016, Andy Murray won 28 and lost just two.",", and Murray has lost his last three matches at Wimbledon.","at Wimbledon, and he has lost to a player outside the top 20 this season.","could not be beat at Wimbledon at a place in the next major, as Murray's a fifth-ever year as a champion at Wimbledon has risen.",the British Open and the US Open. Murray will be back in line to reach the final of the Wimbledon Wimbledon Open.,0.24,0.19354838709677422,0.2127659574468085,0.21276595744680854,0.8853214383125305,0.8664454221725464,0.8393141031265259,0.8576505780220032
28,28,South African police say four people have been arrested in connection with the murder of former actor on popular local TV series Generations.,Mandla Hlatshwayo and his friend were shot after confronting a group of men who had robbed,Mandla Hlatshwayo and his friend were shot after confronting a group of men who had robbed,who had been robbed by a group of men in a pub in Soweto had been robbed of women's mobile phones.,Mandla Hlatshwayo and his friend were shot after confronting a group of men who had robbed,0.15384615384615385,0.15384615384615385,0.27027027027027023,0.15384615384615385,0.8433914184570312,0.8433914184570312,0.8737073540687561,0.8433914184570312
29,29,"A shot was reportedly fired at a car outside a primary school in Liverpool as parents were taking their children inside, police have said.",Police have ordered pupils to stay indoors while police investigate.,a gun was fired at a school in Merseyside.,"""beggars belief"" the gun was being used at the hospital as part of an investigation, Police say.","A gun was fired at a car near Anfield Road Primary School,. Police have urged all pupils to stay indoors",0.15384615384615385,0.42424242424242425,0.2580645161290323,0.45454545454545453,0.8799468278884888,0.9161120653152466,0.8720643520355225,0.9098387956619263
30,30,Jessica Ennis-Hill has fallen from fourth to eighth place after six events at the Hypo-Meeting in Gotzis.,",,,,,,, Olympic champion Ennis-Hill, 29, is competing in the","Olympic champion Ennis-Hill, 29, was third overall at the end of a promising first day - traditionally her strongest ","had just five points off of qualifying, the most notably World Championships.","The Yorkshire Olympic champion, Ennis-Hill, has completed a 5-0 career victory over Argentina at the Rio Olympics in Jamaica",0.21428571428571427,0.24390243902439024,0.1818181818181818,0.3,0.8517302870750427,0.8715810775756836,0.8441529870033264,0.8605352640151978
31,31,The Manor team have collapsed after administrators failed to find a buyer for the stricken business.,has been re-opened after Manor Racing's FIA collapsed.,has been unable to find a buyer after Manor Racing's collapse.,", having left Manor Racing in charge since 2016. has decided to leave All Three Formula One Group following the manor's collapse in Abu Dhabi.","the insurance policy of the D-1000 Formula One Group. If you wish to leave The Iron Manor Foundation, please click here.",0.22222222222222224,0.28571428571428575,0.19512195121951217,0.1904761904761905,0.8790991306304932,0.9054073095321655,0.855635941028595,0.8506077527999878
32,32,A total of 228 candidates will contest the Northern Ireland Assembly election next month - 48 fewer than last time.,", with a total of 108 candidates in the race. The Labour Party is fielding the most candidates, with 108 women.",",,, West Tyrone, East Londonderry and East Antrim have the largest number of candidates in the race.","of candidates and only nine women will be allowed in Stormont; to be elected to Stormont County, the DUP has won the final election of this year's parliament.","from 2011 election results, and from 2016 voters the DUP is winning by a narrow margin.",0.25641025641025644,0.23529411764705882,0.20833333333333334,0.16666666666666663,0.8789872527122498,0.8528274893760681,0.8673207759857178,0.865841269493103
33,33,"With the value of the pound falling dramatically since Brexit, a ""flash crash"" last week when the currency lost 6% of its value against the dollar, and news on Tuesday that the pound had fallen again, when would be a good time to change those pounds to dollars?","the pound has fallen by 18% against the dollar. ""It's always worth shopping around when buying currency - avoid buying","the pound and the FTSE 100. ""I'm planning on going to New York in December, should I get my cash","was this not too easy. asked Drew: ""With my cash we need to go into New York. I will be doing something that you really want to have them buy, as it was. for a second time,",Our question: What's the actual dollar and why? The question is whether you're planning to spend a year on a,0.1951219512195122,0.18604651162790697,0.14285714285714288,0.20512820512820512,0.8691969513893127,0.8536995649337769,0.8364450931549072,0.8419932723045349
34,34,A philosophy student who wears vintage clothing has won a national contest for alternative models.,",, and, ands have been crowned Alternative Model of the Year. has been announced as the winner",has been declared the winner of Alternative Model of the Year.,"In a final, and a model, it seems, and from the National Association of Young Models (AL). will be competing in Alternative Model of the Year at Newcastle.",is a huge success. Models:. and. is who voted Alternative Model of the Year at Newcastle,0.2564102564102564,0.35714285714285715,0.19607843137254902,0.2,0.8695399165153503,0.88504558801651,0.8526601195335388,0.862968385219574
35,35,Plans to move a statue depicting a Royal Marine in the Falklands conflict away from Portsmouth seafront have been criticised.,",,, and, is a memorial to the Falklands War and the Marines' historical association with East",The Yomper statue is currently located in front of the Royal Marines Museum at Eastney.,"Its symbolic symbol was one of South Britain's earliest creations for wars. The Yomper statue stands on Eastney's Eastney coast and is a symbolic symbol, the Memorial of James Joyce.","of the War Memorial, The Yomper is an imposing sculpture that has been re-built by the Royal Marines Museum at",0.2285714285714286,0.2,0.17857142857142858,0.2162162162162162,0.8611825108528137,0.8733409643173218,0.8484140038490295,0.8584298491477966
36,36,A suspected terrorist has been charged with breaching conditions imposed as part of the government's new terror monitoring powers.,#NAME?,#NAME?,"on a TPim with no details relating to it. was in court charged with under the TPim, the High Court will hear.",", who had failed to contact a monitoring company and report to a police station in the UK, is accused of a breach of",0.0,0.0,0.1904761904761905,0.23255813953488372,0.8334388732910156,0.8334388732910156,0.8567224144935608,0.8712565302848816
37,37,Sussex have appointed former player James Anyon as head coach of their women's side.,",, will take over as Sussex's coach.'s coach, Seamer Anyon, will take over as Sussex'",will coach the women's under-21 and under-21 sides.,"-folk, Sussex cricket coach Brad Seamer Anyon, is to give the women's side over three years of their life.",has already taken over the role of coaching the Sussex women's under-17 side.,0.19354838709677422,0.23076923076923075,0.28571428571428575,0.26666666666666666,0.8612668514251709,0.8766286373138428,0.8809607028961182,0.8988810777664185
38,38,League One side Bury have signed former Barnsley defender Reece Brown on a six-month contract.,",,,, and Bury's League One season opener against Doncaster.'s Wes Brown,","'s Wes Brown, 23, has been on trial with the Shakers.",’s Wes Brown has been on trial with a former former Sunderland player since 2010 at Bradford.,", and other players. Manchester United coach Wes Brown is available for Bury's League One campaign opener against Doncaster.",0.21428571428571427,0.2857142857142857,0.19047619047619052,0.163265306122449,0.8589470982551575,0.8680159449577332,0.8744986653327942,0.8812385201454163
39,39,"In recent years, Hollywood remakes and re-imaginings of classic fairytales have come thick and fast - all darker, more adult versions of tales that originally appeared in cinemas.",", and it's a very good film. ""It's a very classic, but it's a very",". ""It's a really good film, but I think it's a really good film. It's ","and to celebrate Cinderella's life, James says. ""Hell,"" said author Elizabeth Branagh. I agree.",", the main characters for the film include Mary Frozen and the kids who are now embracing their children.",0.1818181818181818,0.1818181818181818,0.17142857142857143,0.17647058823529413,0.8396719098091125,0.8503066301345825,0.848868727684021,0.8532403707504272
40,40,"Performers from 42 countries strode down a long red carpet near Ukraine's parliament this week, as a curtain-raiser to this year's Eurovision Song Contest.",",,,,,,,,,, Russia, and Ukraine have been banned from participating","is a ""stupid reaction"" to a Russian song contest. ""I think it's a stupid reaction""",": Russia had a national political contest in Ukraine that would have been barred - ""of course. Now our people"" will be tempted to participate, according to the British Premier.",and Russia's ability to win an Eurovision song contest has been far out of the way for the past year.,0.19354838709677416,0.24242424242424243,0.22727272727272727,0.2631578947368421,0.841905415058136,0.8660861253738403,0.8626080751419067,0.8682626485824585
41,41,It was 50 years ago today that The Beatles played their first gig at the Cavern Club in Liverpool - the venue where the band built their reputation and where Beatlemania was born.,"The Beatles were a bit more adventurous than the Beatles. ""They were a bit more adventurous and a bit more exciting. ""","The Beatles. ""They were the epitome of rebellion in Liverpool. ""They were a little bit of a voice for us","After an impressive show in Liverpool, John Bowie in the City of Liverpool, played in a similar world. ""It has always been very special with your musical performances. ""The Beatles were like the Beatles and the Beatles' ""","the band has grown, but that's how they reacted to their singing. ""I had a hard time hearing the Beatles",0.20833333333333334,0.21818181818181817,0.2,0.2162162162162162,0.8593626022338867,0.859817624092102,0.8537745475769043,0.8482565879821777
42,42,"South Africa's government has proposed a national minimum wage of 3,500 rand ($242; Â£199) a month.",",,,,,,, South Africa's government has proposed a minimum wage of at least","in South Africa, the government has proposed a minimum wage of at least 4,500 rand. South Africa faces a possible downgrade",is trying to put more people unable to afford a wage that would contribute more than one billion.,", but still had to make changes to a minimum wage. has said the government is stepping up negotiations on a proposed minimum",0.6666666666666667,0.6,0.22857142857142856,0.20408163265306123,0.8795196413993835,0.908480703830719,0.8493697643280029,0.8548887372016907
43,43,The death of Ethiopian Prime Minister Meles Zenawi has thrown the populous Horn of Africa giant into a period of deep uncertainty and created a serious leadership vacuum in the region with profound geopolitical implications.,",,,,,,,,,,,, has a s",",,,,,,,,,,,,, and a",", a great fadalism in the Middle East, to create a country that has become a political hot topic in a country that may remain a secret state of unity.,,,",is one of the main concern that Ethiopia is overtaking. and the world's most powerful political leader has known. is,0.2222222222222222,0.21052631578947367,0.28,0.26666666666666666,0.832028329372406,0.8160858750343323,0.8344999551773071,0.8395016193389893
44,44,Azhar Ali's unbeaten 66 helped Pakistan to reach 142-4 against Australia on a rain-affected first day of the Boxing Day Test in Melbourne.,and a solitary wicket from Azam and Azam. Australia have beaten Pakistan by 39 runs in the Test series at the,in the first half of the Test series at the Gabba. Australia have beaten Pakistan by 39 runs in the first half of the,of the Test in Victoria and Thesmalaysia Misbah-ul-Haq took a crucial 13 wicket. gave England a 2-0 lead at an interval in Melbourne. was a second,with Adam Misbah-ul-Haq out the front with a two-wicket-run as he beat Pakistan,0.2222222222222222,0.3404255319148936,0.19230769230769232,0.17142857142857143,0.8538991212844849,0.8677399158477783,0.8369560241699219,0.8415648937225342
45,45,Two new councillors have been elected in a by-election in the City of Edinburgh.,in the Scottish Parliament. in the Scottish Parliament. in the Scottish Parliament..... in the,in the Midlothian West with a swing in first-preference votes of 7.6% from Labour.,"on a single transferable vote (STV) system. The SNP topped the vote in the Leith Walk poll with 2,290 votes, followed by Scottish Labour's Marion Donaldson in May.","s, the Scottish Greens, in the Midlothian Electoral Election. in the vote,. The Scottish Green",0.27027027027027023,0.2580645161290323,0.1702127659574468,0.26666666666666666,0.8620592355728149,0.8581864833831787,0.8461543917655945,0.8603022694587708
46,46,"Russia has said it will carry on bombing rebel-held eastern Aleppo in Syria, defying US demands to stop.",",,,,, Syria, has been a ""merciless abyss of humanitarian catastrophe"" since","is a ""merciless abyss"" of humanitarian crisis in Syria.","is still in negotiations with the United States over Syria, an event that involves a ""very serious situation"". The pact to strike on Syria shows ""little effort"" to restore stability and stability despite the US's support of","to keep up with recent talks on Syria. 'We're more than ready' and it will be ""more than just trying to",0.24,0.23076923076923078,0.18461538461538463,0.17391304347826086,0.8437656760215759,0.8723013401031494,0.8668501973152161,0.8559237122535706
47,47,Wales Under-20 Grand Slam winners Shaun Evans and Dafydd Hughes have signed their first professional contracts with Scarlets.,have been included in Wales' squad for the Junior World Championships.,have been included in Wales' squad for the Junior World Championships.,will compete against New Zealand in the 2019 Rugby World Championships in Manchester with a 2-0 victory over Wales.,", a teenager who has played for Manchester City in the first round of the National Rugby Championship.",0.30769230769230765,0.30769230769230765,0.25,0.25641025641025644,0.8678296804428101,0.8678296804428101,0.8619391322135925,0.86998051404953
48,48,"The expulsion of 35 Russian diplomats from the US over the email hacking scandal has drawn a barrage of abuse from Moscow, which seems poised to respond in kind.",",,,,,,, Russia, and Russia, has a blot.,",", the Russians are trying to destabilize democracy in the world. ""We need to find out exactly what was done and what the",". ""The Russians,"" a Wall Street Journal spokesperson, have told the Russians, ""At present time and an hour and a half,"" a Russian news site says.","the US, but by Russia, hasn't seen the Clinton administration ""doing"" the Ukraine's ""toilet",0.19047619047619044,0.21739130434782608,0.1923076923076923,0.2162162162162162,0.8389627933502197,0.8517969250679016,0.8491670489311218,0.8471792340278625
49,49,Scrapping tuition fees in England is the biggest and most expensive proposal in Labour's £25bn worth of pledges for education.,",,, and the rise in fees is a sign of a strong political shift.,,, and",#NAME?,"fees, more than the US’s first-largest public universities - the UK's second biggest flier on student support. That's the latest in the two-year elections.","and is a trending indicator of a lack of funding for a country's major university, a government of Wales and",0.23529411764705882,0.0,0.19999999999999998,0.25,0.8548945784568787,0.8334388732910156,0.8408976197242737,0.8502389192581177
50,50,Fire crews are expected to leave the site of the Shoreham Airshow disaster later after spending nearly three weeks at the scene of the crash.,and their families have expressed their gratitude and gratitude to the victims of the A27 crash.,and their families have expressed their condolences and condolences to the victims of the A27 crash.,": ""Our service continues to be on the road and to help people who died in a crash and for a tragic accident as he flew into the street."" West Sussex Police have confirmed they have finished their work at the scene","on the journey to the Shoreham Air Show in London, after an aircraft hit a community site, a woman who was killed in",0.24390243902439027,0.24390243902439027,0.1818181818181818,0.2127659574468085,0.8732468485832214,0.8632643222808838,0.860262930393219,0.8529034852981567
51,51,"The US director of national intelligence has said he ""never felt pressured"" to influence the inquiry into Russia's political meddling.",",,,,,,, has spooked the White House. has spoo",has been criticized for not being able to discuss his interactions with the president.,with President Donald Trump is a petty bad point.,""" Bush is ""not willing to come,"" the White House’s spokesman said.",0.19047619047619047,0.2777777777777778,0.15384615384615383,0.1935483870967742,0.8480725884437561,0.87327641248703,0.8532662987709045,0.8739485144615173
52,52,White House officials will not say whether pop star Prince performed at a weekend party at the executive residence despite guests posting about it on social media.,has confirmed that a private party was held on Saturday but said little else.,has confirmed a private party was held on Saturday but said little else.,posed by celebrities such as Prince and Steve Wonder.,Obama has announced that a private party was held on Saturday but not in the second place.,0.15789473684210525,0.16216216216216217,0.14285714285714285,0.19512195121951217,0.8784619569778442,0.880192220211029,0.8467590808868408,0.8798055648803711
53,53,These roads in Northern Ireland are closed due to poor weather conditions as of Friday 15 January.,", Then, the Road Causanagh, Loughgall Tannyoky Road, Poyntzpass Carrowre","Derrygonnelly Road, Causanagh Road, Loughgall Tannyoky Road, Poyntzpass Carrow","Road, Dierygonnelly Country, Dartwell Road, Hertfordshire Road and Coymenta Road, Densiao Way, Wendcliffe Road, Tobacco County, Kildren Road","Austrockner Road, The Snowberg-Richtung de Culsanagh, Itener Road, Liyed",0.10526315789473685,0.08,0.07142857142857142,0.10000000000000002,0.7985761761665344,0.7965617179870605,0.7970951795578003,0.8040129542350769
54,54,Approximately one in four of us will experience a mental health problem each year in England.,",,,,, and,,, and having a better mood, Emma Gleeson",",,,,,. is a powerful tool to improve mental health.,,,",",, and now!, has been and feel more relaxed. is gaining strength at this point. can hurt the brain, making life harder, and changing our diet might not be helpful. We all need","to help mental health sufferers,.? Take care of your gut bugs.,. This can really put us at",0.15999999999999998,0.25,0.14814814814814814,0.17647058823529413,0.8414247035980225,0.8614203333854675,0.8403806090354919,0.8447685241699219
55,55,US investigators have closed an inquiry into whether To Kill A Mockingbird author Harper Lee was pressured into publishing a sequel.,",,,,,,,'s's's has been sparked","was ""extremely hurt"" by allegations she was manipulated into publishing a new book, her lawyer said.","the latest Alabama publication of a new ""go set a Watchman"" is due to date a year after the death of a native Alabama woman.",#NAME?,0.2608695652173913,0.2162162162162162,0.23255813953488372,0.0,0.8121508359909058,0.8794771432876587,0.8481603860855103,0.8334388732910156
56,56,"The US has said it is suspending talks with Russia over Syria, accusing Moscow of having ""failed to live up"" to its commitments under a ceasefire deal.",has resigned from the US's bilateral talks with Russia.,"and the United States are ""trying to shift responsibility on to someone else,"" a Russian official said.","to have a Turkish military presence in Syria this week and in Syria, a Korean state Department official said.",has ordered Washington to suspend the talks with Russia.,0.2702702702702703,0.19047619047619052,0.22857142857142856,0.26666666666666666,0.8954247236251831,0.8716174364089966,0.862110435962677,0.9046216011047363
57,57,"Labour's Sadiq Khan has been elected Mayor of London, becoming the city's first Muslim mayor.",",,, and the British Mayor of London,, and the British Prime Minister of London, Khan,,",has been congratulated on Mr Khan's victory.,", The Times said: The British mayor in Berlin was in shock as he was congratulated on a success story in the upcoming presidential hopefuls.",and has repeatedly criticised the election of Britain's Muslim Brother Emmanuel Khan.,0.2580645161290323,0.24,0.20833333333333334,0.26666666666666666,0.8470324277877808,0.8772523999214172,0.8581300377845764,0.8734198808670044
58,58,A church in West Yorkshire has recruited a new vicar following a video job advertisement sung by a choir of children.,",,,,,,,,,, and the church's children have posted ",", the new vicar, Henriette Howarth, will take up the post next week.","The Year is on in Shipley! The new vicar, Henriette Howarth, will sing a song in the church, called, ""If you want this new role have a safe way of getting out and",will be named for a new vicar.,0.2222222222222222,0.20689655172413793,0.2222222222222222,0.21428571428571427,0.8479191660881042,0.8722140789031982,0.8539630770683289,0.8762440085411072
59,59,Manchester City midfielder Kevin de Bruyne says he will be out for about 10 weeks after injuring his right knee during Wednesday's League Cup semi-final victory over Everton.,has been astonished by the injury of Everton's Kevin de Bruyne.,"'s Kevin de Bruyne is out for around 10 weeks, according to his agent Patrick de Koster.",and scored only two goals against Everton on Sunday night in the Champions League final defeat to Everton.,in Germany. The Belgian can now leave the country for just 10 weeks.,0.2962962962962963,0.3404255319148936,0.1818181818181818,0.20689655172413793,0.8917317390441895,0.8955755829811096,0.8663803339004517,0.8624204993247986
60,60,"A 34-year-old woman who was injured in an attack by a knifeman on a Swiss train has died in hospital, police say.",", police said. a man who stabbed passengers on a train in St Gallen, Switzerland, died on Sunday.",", a Swiss man, died in a train attack on a train in St Gallen.",": Two were injured and 5 others are in a serious condition, officials claim. was killed, police say. More than 30 people died when train hit someone in a flammable liquid around 12:20 pm when ","at the time of the attack., a Swiss man, has died in a serious condition.",0.2926829268292683,0.3684210526315789,0.1694915254237288,0.3076923076923077,0.9044825434684753,0.8998457789421082,0.8636230826377869,0.8800176978111267
61,61,"A ""reckless drone operator"" is being sought by police after reports of a ""near miss"" between a drone and plane.",",,,,,, and, a drone that was flying from London Stansted, Cornwall,",", a UK Airprox Board spokesperson said: ""The close proximity of the drone to the passenger aircraft shows a complete disregard for public",".,, as of Saturday, September 1, 2016 ""I was not worried"" by a drone or operator. has indicated that could harm passenger safety. Mores from British Airways conducted a search of the area","“It is incredibly concerning to find a drone, a UK Airprox Board spokesperson said.",0.14814814814814817,0.24489795918367346,0.1694915254237288,0.22857142857142854,0.8425066471099854,0.8585231900215149,0.8545196056365967,0.8513475060462952
62,62,A seal found tangled in nets on an Aberdeenshire beach has been returned to the sea.,The Scottish SPCA has removed the grey seal from beach and took it to a rescue centre where it was cut free.,"was found on a beach in Drumoak, Scotland. ""The amount of netting tangled around the seal's",of a single septicaemia caused by water damage. This was an accidental death on a beach in Drumoak after a friend of the British Rescue Corps had recently found the grey seal.,"With the seal then gone for the beach a few hours after he was discovered. ""Our fireman was getting back in the water",0.20408163265306123,0.25,0.21428571428571427,0.17241379310344826,0.8754204511642456,0.883073091506958,0.8550317287445068,0.8652616143226624
63,63,"A lifetime of diaries, letters and photographs of a man described as a cross between Indiana Jones, James Bond and Graham Greene has opened to the public.",", and a collection of books by Sir Patrick Leigh Fermor has been catalogued by the National Library of Scotland.","of travel writer, war hero and adventurer Sir Patrick Fermor has been catalogued by the National Library of Scotland.",and his historical remains have been collected by the Library of Scotland.,", the Leigh Fermor book has been written and donated to the Library of Scotland.",0.23529411764705882,0.23529411764705882,0.3703703703703704,0.3225806451612903,0.8578516244888306,0.8564486503601074,0.8763426542282104,0.8673525452613831
64,64,Regional official Tim Roache has been elected to become the new general secretary of the GMB union.,has been elected as the Labour Party's chief executive.,"has been elected. ""I will repay my faith in me by leading a 21st Century union that fights for our members,",has moved back to the UK through the spring of 2011 (after a lengthy six-month period) to join the UK--led Labour Party.,has a strong bond with the Labour Party.,0.37037037037037035,0.2222222222222222,0.24390243902439027,0.2962962962962963,0.9040200114250183,0.8561158776283264,0.8539709448814392,0.8730278015136719
65,65,We go behind the scenes with singer Laura Mvula as she prepares to debut her new material and kick off the 48th series of Later... with Jools Holland.,",,,,,,,,,,,,, and she'",",,,,,,,,,, and she's a bit of ","it can be a whole year. A Thousand Days is now in its third year in a row, with an appearance as a young girl, a fellow performer, as well as artist Susan Jools Holland","just walked through the bar to join us as a ""live and creative"" show that took place in an area of many europe",0.16666666666666669,0.25,0.2033898305084746,0.19999999999999998,0.8102332353591919,0.8208147883415222,0.8486499190330505,0.8400133848190308
66,66,"Newcastle midfielder Jonas Gutierrez says he feels ""born again"" following his return to Premier League action after overcoming testicular cancer.",to be back in England and have a very strong relationship with Newcastle.,"to be back in England. ""I feel like I'm enjoying things for the first time."" Newcastle manager Jonas Gutierrez","that I really need to learn how to improve my reputation, and do all I can to make for the future."" Newcastle defender Jonas Gutierrez has been diagnosed with a tumour that is expected to develop in a second",Manchester United have experienced the shock of a diagnosis of cancer in the first half of the season.,0.1935483870967742,0.17777777777777778,0.16393442622950816,0.303030303030303,0.8639604449272156,0.877936840057373,0.8593525290489197,0.8756589889526367
67,67,"League Two Exeter City made a profit of over £1.6m last year, according to the club's latest accounts.",", Exeter City have announced a total profit of £1.642m for the club.",", Exeter City have declared a total profit of £1.642m for 2014-15, mainly due to the sale of midfielder",: Exeter City have announced that it would allow Exeter to redevelop the Palace Hotel in St James Park.,Exeter have announced a £2m redevelopment of St James Park.,0.4848484848484849,0.4000000000000001,0.2105263157894737,0.24,0.9314241409301758,0.9098721742630005,0.873784601688385,0.8933665156364441
68,68,Para-athlete Abdullah Hayayei died after a metal throwing cage fell on him during training.,"Abdullah Hayayei, 36, was injured in a throwing cage at Newham Leisure Centre in Dubai on Tuesday.",Abdullah Hayayei was injured in a throwing cage at Newham Leisure Centre in Dubai on Tuesday.,"was seriously injured at the UAE Olympic Games on Thursday when he was injured in a throwing cage collapsed on Jordan, UAE teammate Mohamed Abdullah Hayayei's head.",Abdullah Hayayei is still recovering from injuries sustained by a truck truck in Dubai.,0.37500000000000006,0.38709677419354843,0.1923076923076923,0.20689655172413796,0.8931761384010315,0.8960257768630981,0.8906958699226379,0.8948724865913391
69,69,"Manufacturers have reported positive business trends, in the latest survey from the Scottish Chambers of Commerce.",", with the Scottish Chambers of Commerce's economic data indicating a strong 2017 business outlook.",", the Scottish Chambers of Commerce said: ""This is good news for the economy, particularly as we continue to deal with international uncertainty.""","for is well-balanced according to the latest Scottish Chambers of Commerce survey. ""An underlying economic record is for many sectors,"" said Professor Dr Philip Young.","of Scottish business optimism remains positive, with Scottish business optimism still a strong concern.",0.3225806451612903,0.2631578947368421,0.2857142857142857,0.15,0.9224148988723755,0.8830563426017761,0.8952763080596924,0.8881276845932007
70,70,"The public inquiry into undercover policing may ""expose both creditable and discreditable conduct"", chairman Lord Justice Pitchford has warned.",",,,,, and the alleged abuses of women and women in the UK have been uncovered.",of undercover policing in England and Wales has been subjected to a major public inquiry.,'s families have been murdered to do their best. The family has been undercover since 2001.,"officers have been uncovered by the police who have accused them of being ""enlightened"" by police. ""We want to make sure",0.27027027027027023,0.27027027027027023,0.19354838709677422,0.2777777777777778,0.8649396300315857,0.884152889251709,0.8525785803794861,0.8562700152397156
71,71,Reigning champions New Zealand are into their fourth World Cup final after slogging past South Africa in another Twickenham epic.,"and,,,,, South Africa and South Africa were beaten by South Africa in the World Cup final.",South Africa were beaten by South Africa at the World Cup by South Africa at the World Cup.,and a dazzling display provided the final to a world Cup victory at the New South End in a 2-1 defeat to South Africa.,have won the World Cup with South Africa but South Africa have lost the entire Test season.,0.24242424242424243,0.2105263157894737,0.19512195121951217,0.2162162162162162,0.8575301766395569,0.8642671704292297,0.852337121963501,0.8667031526565552
72,72,A computer model of one of the world's tallest three-sided obelisks is being made to find out why it is falling apart.,is being used to assess the stonework under the surface of the historic landmark.,of the National Trust is using ground-penetrating radar on the Blackdown Hills to see under its stonework.,"has seen a ""crucial"" and ""everything complex"" design of a stonework. A survey on a 174ft tower on the Blackdown Hills, Somerset, will be carried out.",and has been used to examine the ‘old’ stonework of a 174ft (53m) tower. It is being,0.2580645161290323,0.1904761904761905,0.22641509433962265,0.3181818181818182,0.8815000057220459,0.8640195727348328,0.861586332321167,0.8588724136352539
73,73,Profit jumped at Zara owner Inditex in the first half of the year as the firm opened new stores and invested in online.,", the company said., the company said, has benefited from steady economic growth in Spain, where sales jumped from €9.","in Spain, according to Spanish statistics agency Liberum. ""It's a big opportunity for Zara to expand online into new",'s clothing retailer (Tacipan) revealed its online presence in Spain.,in Spain - and it's seeing sales in Spain - to rise by 20% in the next two months.,0.20833333333333334,0.22222222222222224,0.13333333333333333,0.2424242424242424,0.8484380841255188,0.8604901432991028,0.8482660055160522,0.8578791618347168
74,74,"Lady Gaga is leading the pitch invasion at Sunday's Super Bowl, where she'll perform the all-important half-time show.",",,,,, or,,,,, and a slick, ",",,,,, or follow us on Facebook, Twitter, or Instagram at bbcnewsents.",(b) has become one of the greatest Super Bowls of all time.,on the Show in Nashville is an entertaining success.-directed comical performance by BBC Television has reached the '70s.com,0.19047619047619047,0.12121212121212122,0.27586206896551724,0.22222222222222224,0.8423945307731628,0.8078743815422058,0.856037437915802,0.8396102786064148
75,75,"A victim of the Rochdale grooming gang says the convictions were still ""not fazing"" Asian child sex abusers.","and the police have been ""committed"" to tackling abusers in Greater Manchester.","of Asian men who abused teenage girls in the town of Rochdale, Manchester, from the age of 13 until she was 17 ","to protect her identity as a man of 18 years, has said he is “exposed” for children and families and has ""been learnt"" from the attacks he has committed over the past three years.",had told her that the abuse was going on in the Northern District of Manchester.,0.22857142857142854,0.2631578947368421,0.21428571428571427,0.20689655172413796,0.8852314352989197,0.8629984259605408,0.8475930094718933,0.874294102191925
76,76,"John Lewis's Nottingham store is to remain closed longer than expected after 80,000 litres of hot water leaked from a ruptured heating pipe.","a store in Victoria Centre has been closed ""until further notice"".","a store in Victoria Centre has been closed ""until further notice"". Torrents of water brought down a suspended ceiling and",the stock was left in the shop after a week to break with a broken ceiling and a floor hit with the fire.,"during the Victoria Centre shopping week, the shop is now closed for the first time in two weeks.",0.2962962962962963,0.22222222222222224,0.2564102564102564,0.1951219512195122,0.8695238828659058,0.861343264579773,0.8602622747421265,0.8619520664215088
77,77,"Bots appear to be spamming a US regulator's website over a proposed reversal of net neutrality rules, researchers have said.",s to the FCC have been a result of a boom in automated comments.,"to the Federal Communications Commission (FCC) over the weekend. ""Someone has gone out of their way to make these seem like real",s: has come amid widespread protest over controversial proposals such as this. to the Internet Institute has also launched a campaign to protect internet traffic that has a rise in remarks since the launch of dso,s to the Internet Club are calling for the FCC to drop more proposals on Monday.,0.2758620689655172,0.23529411764705882,0.2222222222222222,0.2325581395348837,0.8639365434646606,0.8487281799316406,0.8522615432739258,0.8542686104774475
78,78,New Sale Sharks chairman Fran Cotton has conceded they must work to restore their relationship with some fans.,"to be a strong rugby club, and he has promised to be active in his role. ""I think people in the early days","Sale have moved home games back to Friday nights for the season. ""I think people in the early days of moving have had a pretty",Ayenne Coal has made an announcement at sale that David Cotton will be sitting on the club's board until after an injury to his football team.,Sale have signed and won one of the Premiership's best five squads.,0.24390243902439024,0.24,0.17391304347826086,0.21621621621621623,0.8526182770729065,0.8485233187675476,0.8647276759147644,0.8716579079627991
79,79,Disney's latest animation Moana dominated the Thanksgiving box office over the five-day US holiday weekend.,",,, and,, or follow us on Twitter, Instagram or Instagram.,,, a",", a film about a princess's journey in Polynesia took an estimated $81.1m (£65.3m)","at the US BBC, which have put Disney back on the charts on December 31st, 2013, after more than one year in US theaters.",", and does the same with Meg Aldea.'s Disney drama Blitz, where the greatest Christmas has been given on",0.15384615384615385,0.1875,0.2127659574468085,0.20512820512820512,0.8013162016868591,0.8557528257369995,0.8567913174629211,0.8258141279220581
80,80,British number one Johanna Konta reached the quarter-finals of the Bank of the West Classic in Stanford with a straight-set win over Julia Boserup.,Konta Konta will play China's Saisai Zheng in the last eight on Friday.,Konta Konta will play China's Saisai Zheng in the last eight on Friday.,#NAME?,Konta Konta won her second round match in nearly an hour.,0.18181818181818182,0.18181818181818182,0.0,0.14814814814814814,0.872661828994751,0.872661828994751,0.8334388732910156,0.883630096912384
81,81,"Two men have been assaulted in Larne, County Antrim, by a gang armed with baseball bats and a hatchet.",The Police have appealed for anyone with information about the attack to contact them.,Police have appealed for anyone with information about the attack to contact them.,", Sunday at the Turnhall Road in Linn Road. Two men and three people have been taken to hospital after the attack.",A shooting is on the Linn Road in the town of Linn Road.,0.26666666666666666,0.2222222222222222,0.2222222222222222,0.28571428571428575,0.8738417029380798,0.8726043105125427,0.865791380405426,0.8614926338195801
82,82,"The Ebola victim who is believed to have triggered the current outbreak - a two-year-old boy called Emile Ouamouno from Guinea - may have been infected by playing in a hollow tree housing a colony of bats, say scientists.",",,, and they found a tree stump in the village of Meliandou.,,, and","of the Ebola virus. The researchers at Meliandou University, Germany, have found that the bats carry the virus.",s of a bat. They have also collected bats in a small village in a small city called Meleandou. It's very rare to have an incensive fossil of Abola ,"of Ebola is a rare rare occurrence in and had eaten on one of the birds.,, is the",0.2962962962962963,0.23255813953488372,0.26666666666666666,0.2380952380952381,0.8407514095306396,0.8518139123916626,0.8416646122932434,0.8160718083381653
83,83,Stuart Bingham may pull out of the Masters if his wife goes into labour with their third child.,has said he would play in the 2016 World Championship if his wife gives birth before his first round match against Joe Perry.,has said he'd have to talk to his wife before his first-round match against Joe Perry.,"of England at the World Championships in England, and has asked her to stay on the way to a week-round match.",because of his wife's absence from his first-round game at the Essex World Championship.,0.1951219512195122,0.20512820512820512,0.22727272727272727,0.1904761904761905,0.8939767479896545,0.8745203614234924,0.8462682366371155,0.8578683733940125
84,84,"Part of Colwyn Bay pier is to be dismantled after it collapsed into the sea, Conwy council has decided.",is expected to take about three weeks to complete. structure is expected to be re-opened in the summer. to be completed,"has been set aside for work on the ""dangerous"" Grade ll pier, which gave way on 1 February.","has already been fixed for three weeks. is under construction, and £650,000 has been set aside for the new building.",has been declared the problem of the Grade ll pier.,0.21276595744680854,0.25,0.21052631578947367,0.37037037037037035,0.8648161888122559,0.8706604242324829,0.8642683625221252,0.8615369200706482
85,85,A campaign group has been granted a hearing to examine the case for a judicial review of the decision to build student flats near a beauty spot.,", and the University of Oxford has a ""researched"" approach to mitigate the impact of the buildings on Oxfordshire's",". ""We are not convinced that the planning condition on contamination has been met,"" a CPRE spokesman said.","it would want to move into the same land that in Oxfordshire, despite the findings of this review.",the surrounding buildings. The City Council has urged the University to consider the possible environmental impacts of the development.,0.3,0.19047619047619052,0.21621621621621623,0.27777777777777773,0.8601937294006348,0.8672747611999512,0.8690362572669983,0.8842769861221313
86,86,Pupils at seven schools could have shorter days after a trust head say he may have to cut hours to save money.,",,,,,,,, has warned parents of the ""unthinkable"" decisions the Trust","to cut funding for schools in England. ""It's shocking - I don't know what I'd do work-","- despite the funding cuts being made, parents of a school with a daughter called them ""diabolical"". A union said it was ""terrible"" to do so and has written a letter asking",an Avery Centre and the Government of England (DfE) has said it will not face spending pressures over schools in England.,0.23076923076923078,0.15384615384615385,0.19607843137254902,0.25,0.8533681035041809,0.850687563419342,0.856063961982727,0.8541466593742371
87,87,"The Paris climate agreement could make millions of forest dwellers homeless, according to a new analysis.",",,,,s have legal rights to just 10% of the land in the world.s have been displaced",",,,.s have legal rights to just 10% of the land in Liberia...",", is a big reason for this sort of displacement, but the international community will not want to discourage indigenous indigenous peoples from opening forest lands.","and the that the international community has chosen to stop creating national parks to help people in their own land., and the international community",0.27027027027027023,0.2631578947368421,0.1923076923076923,0.18867924528301888,0.8558200597763062,0.8535560369491577,0.8725654482841492,0.8577119708061218
88,88,"More human remains have been found near a motorway slip road in Shropshire, police have said.",a human skull was found near the M54 slip road.,a human skull was found near a junction four roundabout near Telford.,"has been found. Police, with MRIs and other traces of ""a thigh"" are still being found near a crossabout junction four near Telford in Nottingham.",in a nearby Loch Willymo Memorial Memorial.,0.38461538461538464,0.28571428571428575,0.24390243902439027,0.18181818181818182,0.9194614291191101,0.8982630372047424,0.8652329444885254,0.8451289534568787
89,89,Uzbekistan's Hasanboy Dusmatov won Olympic gold in the men's light-flyweight with victory over Colombian Yuberjen Herney Martinez.,"...... is not supported on this device. Dusmatov, 23, was","Dusmatov, 23, was awarded a unanimous points victory - two judges scoring the fight 30-27, and one 29-","has been awarded a medal, and two judges in the final of the Olympic Olympic boxing finals won.",and win bronze.,0.1111111111111111,0.15789473684210525,0.303030303030303,0.15384615384615383,0.8186688423156738,0.8332195281982422,0.8609099984169006,0.8642668724060059
90,90,"University lecturers are due to start a two-day strike over pay, amid warnings other staff could join the dispute.",",,,,, and, a University and College Union spokesman said. to strike in the",", the University and College Union says the 1.1% rise offered by the universities is ""an insult"" to hardworking staff.",":, for example, and ""nive"", however, the UCU say, with Unions recommending that an existing strike would be to be taken back to the table. and unions are taking any action to","or says the Student Union is ""so disinterested"" in their choice of an offer of 1.1% to higher education staff",0.2564102564102564,0.1904761904761905,0.18867924528301885,0.19047619047619047,0.8475502133369446,0.8745242357254028,0.8318787813186646,0.8618923425674438
91,91,Controversial proposals to shut a Catholic school in East Dunbartonshire are to be examined by the Scottish government.,"to close a school in the Scottish Highlands. ""We have a very clear plan to close a school in the Scottish Highland","The Scottish Government has called in proposals to close a school in Scotland. ""This is a complex process and it's understandable","Government has had to take into account the Scottish government's decision. ""Targetably, there are more difficult circumstances,"" Mrs Geekie said, at the end of the council.",to use school at the centre of this transformation and now be called in to assess and review the plans.,0.35000000000000003,0.25,0.24489795918367346,0.2631578947368421,0.8855047225952148,0.8938326835632324,0.8570179343223572,0.8690935373306274
92,92,Japanese footballer Kazuyoshi Miura has signed a one-year contract extension with Yokohama FC at the age of 48.,", Japan's former Brazilian striker Kazu Miura has signed a new contract with the club.",'s Kazuyoshi is the oldest scorer in Japanese football - a winner in a second division match four months,Nationals (FAO) and New Zealand striker Ki Miura has signed a new contract with the club.,#NAME?,0.4117647058823529,0.22857142857142856,0.39999999999999997,0.0,0.9142146706581116,0.8665822148323059,0.8906428813934326,0.8334388732910156
93,93,Clashes have broken out in Indian-administered Kashmir on the anniversary of the killing of a militant leader.,has been re-elected as a leader in Kashmir.,has revived the image of militancy in Indian-administered Kashmir.,"a man has died as he walked to the border with Islamabad last week, and was wounded while attempting to turn to his neighbor, Ahmed Wani.",", Kashmir. on Saturday, dozens of Indian soldiers were killed in an Indian shooting. has has killed dozens of",0.33333333333333337,0.2857142857142857,0.1904761904761905,0.2222222222222222,0.8920613527297974,0.9173986911773682,0.8643648028373718,0.8734726905822754
94,94,Economic policymakers must now decide whether and how they should respond to the UK's vote to leave the EU.,",,,,,,,,,,, a rise in the currency","in the European Union, the Bank of England has decided to take action on the issue of foreign currency liquidity.",. The Bank of England may also take the risk of falling and the EU must sign a voluntary referendum in the end. The European Crisis Risk Assessment (ECB) should agree it with the EU and are prepared to take action early.,and the Crisis in Britain. It is another indicator that central banks will have to adjust to short term fluctuations in the European currency market.,0.3,0.2631578947368421,0.2368421052631579,0.19512195121951217,0.8507142066955566,0.8866373300552368,0.8547031879425049,0.8808621168136597
95,95,Sale Sharks forward Mark Easter has announced he will retire at the end of the season to take up a teaching role.,Easter has been a great coach at Sale since joining the club in 2011.,Easter has joined Sale in 2011 after six years at Northampton.,Easter has decided to leave Sale in 2011 after six weeks at Northampton.,has returned to Northampton after his debut in Portsmouth last season.,0.24242424242424243,0.26666666666666666,0.3125,0.26666666666666666,0.8799243569374084,0.8814185261726379,0.8760531544685364,0.8705801367759705
96,96,"The quality of care on a scandal-hit ward for dementia patients may have contributed to at least seven deaths, BBC Wales can reveal.",",,,, has been a major contributor to the deaths of some patients. has been reopened.",", the health board said: ""We are very much engaged in a thorough search for the truth about the Tawel Fan ward"".",that a public health board has conducted an investigation in the death of one of its patients.,over the years. A public health board report into a Health and Social Care Board investigating the death of a family member has been published,0.3225806451612903,0.2162162162162162,0.25,0.22727272727272727,0.8800475001335144,0.8545130491256714,0.8866843581199646,0.8667573928833008
97,97,A 25-year-old man from Limavady has been jailed for knocking out two men in separate attacks on the same night.,a second man was punched and knocked out when he came across the first victim lying unconscious on Market Street.,'single punch' assaults on Market Street in Limavady on 2 October 2014. A second man suffered a double,A.F.C. Court in London said he was victim of'single punch' attack on two innocent people.,A'mysterious' punch was used in the early years of'single punch' assaults in Limavad,0.1904761904761905,0.16666666666666666,0.1951219512195122,0.26666666666666666,0.8779247403144836,0.8763711452484131,0.8622677326202393,0.8384608626365662
98,98,The United States women's team goalkeeper Hope Solo has been suspended for 30 days by US Soccer following an incident during a training camp.,has been arrested on suspicion of driving under the influence in Los Angeles.,was arrested on suspicion of driving under the influence in Los Angeles on Monday.,has been arrested over a car collision as fellow US Soccer player Jo Solo was driving under the influence at the Olympic Games.,"is being held in a camp in San Francisco, California, in response to an unnamed woman arrested in the incident.",0.26666666666666666,0.2,0.19999999999999998,0.2285714285714286,0.88351970911026,0.8822503685951233,0.8817126154899597,0.8688495755195618
99,99,A barrister who was due to move into his own chambers in Huddersfield has pleaded guilty to supplying cocaine.,",,, has been arrested for conspiracy to supply the Class A drug.,, of Huddersfield, and",has been charged with conspiracy to supply a Class A drug.,"on May 25, 2017. He was sentenced Tuesday following a lengthy trial at a West Midlands Court. They appear in a court to admit conspiracy to supply the class A (Class A) drug.",#NAME?,0.3225806451612903,0.2631578947368421,0.19999999999999998,0.0,0.8644973635673523,0.8815120458602905,0.8572065234184265,0.8334388732910156
